{
    "gmc": 19191.578674406308,
    "ford": 15486.020152216432,
    "ram": 25048.378547464217,
    "bmw": 15802.328620466644,
    "mercedes-benz": 16235.908866202206,
    "jaguar": 9885.883513950206,
    "subaru": 11237.109582125124,
    "buick": 10861.591467158401,
    "honda": 10792.76489864401,
    "hyundai": 9390.526784026493,
    "mini": 10205.89077997163,
    "mitsubishi": 9093.491285367745,
    "nissan": 10942.50713595705,
    "volvo": 10390.23369206352,
    "jeep": 15204.387113552095,
    "toyota": 11854.345002696695,
    "audi": 16371.130070245625,
    "chevrolet": 14894.17025702115,
    "volkswagen": 10647.291713987861,
    "tesla": 14369.229134218966,
    "acura": 11690.162683236093,
    "cadillac": 15634.277306448132,
    "infiniti": 14389.704769458904,
    "kia": 10051.230459336402,
    "lexus": 14242.773817302703,
    "lincoln": 11429.755038679432,
    "mazda": 9646.754144787703,
    "pontiac": 9176.96071753447,
    "porsche": 33832.13191352043,
    "rover": 21352.196224344283,
    "chrysler": 9088.548879211143,
    "dodge": 12717.620790777662,
    "fiat": 8272.480978576068,
    "mercury": 6024.326677866123,
    "saturn": 5710.335699155909,
    "alfa-romeo": 16313.319262482823,
    "datsun": 14893.119470970212,
    "land rover": 11890.460991108233,
    "aston-martin": 14163.333852496564,
    "harley-davidson": 16321.470743331176,
    "ferrari": 50110.39710654571
}